{
    "aw": [
        {
            "coordinate": {
                "h": 104.66666666666667,
                "w": 159.33333333333334,
                "x": 75.33333333333333,
                "y": 86.66666666666667
            },
            "label": "a",
            "text": "Aman",
            "page_no": 1
        },
        {
            "coordinate": {
                "h": 134,
                "w": 157.33333333333334,
                "x": 94,
                "y": 125.33333333333333
            },
            "label": "q",
            "text": "Python Developer",
            "page_no": 1
        }
    ],
    "aqw": [
        {
            "coordinate": {
                "h": 182.66666666666666,
                "w": 412,
                "x": 398.6666666666667,
                "y": 175.33333333333334
            },
            "label": "a",
            "text": "Suga",
            "page_no": 1
        }
    ],
    "q21e": [
        {
            "coordinate": {
                "h": 100,
                "w": 152.66666666666666,
                "x": 70.66666666666667,
                "y": 90.66666666666667
            },
            "label": "qw",
            "text": "Aman",
            "page_no": 1
        }
    ],
    "dsf": [],
    "sadf": [
        {
            "coordinate": {
                "h": 104.66666666666667,
                "w": 160,
                "x": 77.33333333333333,
                "y": 90
            },
            "label": "a",
            "text": "Aman",
            "page_no": 1
        },
        {
            "coordinate": {
                "h": 104.66666666666667,
                "w": 160,
                "x": 77.33333333333333,
                "y": 90
            },
            "label": "a",
            "text": "Aman",
            "page_no": 1
        }
    ],
    "a": [
        {
            "coordinate": {
                "h": 110.66666666666667,
                "w": 150.66666666666666,
                "x": 79.33333333333333,
                "y": 94.66666666666667
            },
            "label": "",
            "text": "Aman",
            "page_no": 1
        }
    ],
    "imj": [
        {
            "coordinate": {
                "h": 109.33333333333333,
                "w": 146,
                "x": 78.66666666666667,
                "y": 93.33333333333333
            },
            "label": "lak",
            "text": "Aman",
            "page_no": 1
        },
        {
            "coordinate": {
                "h": 213.33333333333334,
                "w": 265.3333333333333,
                "x": 210,
                "y": 209.33333333333334
            },
            "label": "fe",
            "text": "with 2.2 years",
            "page_no": 1
        },
        {
            "coordinate": {
                "h": 109.33333333333333,
                "w": 146,
                "x": 78.66666666666667,
                "y": 93.33333333333333
            },
            "label": "lak",
            "text": "Aman",
            "page_no": 1
        },
        {
            "coordinate": {
                "h": 213.33333333333334,
                "w": 265.3333333333333,
                "x": 210,
                "y": 209.33333333333334
            },
            "label": "fe",
            "text": "with 2.2 years",
            "page_no": 1
        },
        {
            "coordinate": {
                "h": 109.33333333333333,
                "w": 146,
                "x": 78.66666666666667,
                "y": 93.33333333333333
            },
            "label": "lak",
            "text": "Aman",
            "page_no": 1
        },
        {
            "coordinate": {
                "h": 213.33333333333334,
                "w": 265.3333333333333,
                "x": 210,
                "y": 209.33333333333334
            },
            "label": "fe",
            "text": "with 2.2 years",
            "page_no": 1
        }
    ],
    "aq": [
        {
            "coordinate": {
                "h": 108,
                "w": 156,
                "x": 77.33333333333333,
                "y": 92
            },
            "label": "a",
            "text": "Aman",
            "page_no": 1
        }
    ],
    "l": [
        {
            "coordinate": {
                "h": 114,
                "w": 191.33333333333334,
                "x": 68.66666666666667,
                "y": 93.33333333333333
            },
            "label": "d",
            "text": "Aman",
            "page_no": 1
        }
    ],
    "v": [
        {
            "coordinate": {
                "h": 128,
                "w": 430,
                "x": 380,
                "y": 126
            },
            "label": "v",
            "text": "Algorithm",
            "page_no": 1
        }
    ],
    "dsff": [
        {
            "coordinate": {
                "h": 227.33333333333334,
                "w": 275.3333333333333,
                "x": 64,
                "y": 93.33333333333333
            },
            "label": "fe",
            "text": "Aman Python Developer Summary Passionate and motivated with 2.2 years of for an opportunity to work in a challenging",
            "page_no": 1
        }
    ],
    "dw": [
        {
            "coordinate": {
                "h": 132.66666666666666,
                "w": 346.6666666666667,
                "x": 290,
                "y": 122.66666666666667
            },
            "label": "da",
            "text": "Digitization",
            "page_no": 1
        }
    ],
    "ds": [
        {
            "coordinate": {
                "h": 144.66666666666666,
                "w": 340.6666666666667,
                "x": 268,
                "y": 134
            },
            "label": "fds",
            "text": "data capture,",
            "page_no": 1
        }
    ],
    "1qw": [
        {
            "coordinate": {
                "h": 224.66666666666666,
                "w": 560.6666666666666,
                "x": 454.6666666666667,
                "y": 140
            },
            "label": "",
            "text": "Amount (RS) 7500.00 3000.00 10500.00",
            "page_no": 1
        },
        {
            "coordinate": {
                "h": 224.66666666666666,
                "w": 560.6666666666666,
                "x": 454.6666666666667,
                "y": 140
            },
            "label": "",
            "text": "Amount (RS) 7500.00 3000.00 10500.00",
            "page_no": 1
        },
        {
            "coordinate": {
                "h": 114,
                "w": 348.6666666666667,
                "x": 296.6666666666667,
                "y": 93.33333333333333
            },
            "label": "sw",
            "text": "Pay Date Designation",
            "page_no": 1
        }
    ]
}